store_id,region,store_size,week,period,campaign_active,weekly_revenue_k
1,South,Large,1,Pre,0,43.33
1,South,Large,2,Pre,0,42.65
1,South,Large,3,Pre,0,41.13
1,South,Large,4,Pre,0,38.96
1,South,Large,5,Pre,0,37.09
1,South,Large,6,Pre,0,40.08
1,South,Large,7,Pre,0,43.73
1,South,Large,8,Pre,0,41.93
1,South,Large,9,Post,1,44.82
1,South,Large,10,Post,1,43.82
1,South,Large,11,Post,1,46.18
1,South,Large,12,Post,1,45.46
1,South,Large,13,Post,1,49.54
1,South,Large,14,Post,1,43.24
1,South,Large,15,Post,1,46.15
1,South,Large,16,Post,1,47.89
2,West,Large,1,Pre,0,55.16
2,West,Large,2,Pre,0,56.74
2,West,Large,3,Pre,0,56.23
2,West,Large,4,Pre,0,55.38
2,West,Large,5,Pre,0,52.68
2,West,Large,6,Pre,0,55.68
2,West,Large,7,Pre,0,51.39
2,West,Large,8,Pre,0,52.9
2,West,Large,9,Post,1,57.71
2,West,Large,10,Post,1,55.61
2,West,Large,11,Post,1,54.37
2,West,Large,12,Post,1,60.54
2,West,Large,13,Post,1,55.12
2,West,Large,14,Post,1,59.1
2,West,Large,15,Post,1,57.79
2,West,Large,16,Post,1,56.29
3,East,Small,1,Pre,0,26.21
3,East,Small,2,Pre,0,18.76
3,East,Small,3,Pre,0,24.95
3,East,Small,4,Pre,0,22.58
3,East,Small,5,Pre,0,26.82
3,East,Small,6,Pre,0,22.21
3,East,Small,7,Pre,0,24.11
3,East,Small,8,Pre,0,25.85
3,East,Small,9,Post,1,23.91
3,East,Small,10,Post,1,24.5
3,East,Small,11,Post,1,30.39
3,East,Small,12,Post,1,23.19
3,East,Small,13,Post,1,33.28
3,East,Small,14,Post,1,23.22
3,East,Small,15,Post,1,29.2
3,East,Small,16,Post,1,26.63
4,East,Small,1,Pre,0,17.73
4,East,Small,2,Pre,0,20.16
4,East,Small,3,Pre,0,11.25
4,East,Small,4,Pre,0,17.46
4,East,Small,5,Pre,0,19.62
4,East,Small,6,Pre,0,16.83
4,East,Small,7,Pre,0,24.89
4,East,Small,8,Pre,0,16.32
4,East,Small,9,Post,1,21.96
4,East,Small,10,Post,1,19.83
4,East,Small,11,Post,1,23.55
4,East,Small,12,Post,1,22.24
4,East,Small,13,Post,1,20.68
4,East,Small,14,Post,1,21.13
4,East,Small,15,Post,1,24.11
4,East,Small,16,Post,1,20.56
5,North,Small,1,Pre,0,18.93
5,North,Small,2,Pre,0,23.97
5,North,Small,3,Pre,0,26.05
5,North,Small,4,Pre,0,25.19
5,North,Small,5,Pre,0,22.66
5,North,Small,6,Pre,0,23.82
5,North,Small,7,Pre,0,23.02
5,North,Small,8,Pre,0,22.75
5,North,Small,9,Post,1,28.22
5,North,Small,10,Post,1,27.89
5,North,Small,11,Post,1,28.84
5,North,Small,12,Post,1,24.63
5,North,Small,13,Post,1,27.62
5,North,Small,14,Post,1,26.87
5,North,Small,15,Post,1,29.92
5,North,Small,16,Post,1,27.02
6,North,Medium,1,Pre,0,26.78
6,North,Medium,2,Pre,0,30.47
6,North,Medium,3,Pre,0,29.7
6,North,Medium,4,Pre,0,29.67
6,North,Medium,5,Pre,0,31.05
6,North,Medium,6,Pre,0,27.45
6,North,Medium,7,Pre,0,29.3
6,North,Medium,8,Pre,0,26.52
6,North,Medium,9,Post,1,30.62
6,North,Medium,10,Post,1,32.38
6,North,Medium,11,Post,1,35.47
6,North,Medium,12,Post,1,25.99
6,North,Medium,13,Post,1,34.2
6,North,Medium,14,Post,1,33.1
6,North,Medium,15,Post,1,28.07
6,North,Medium,16,Post,1,28.79
7,North,Large,1,Pre,0,44.51
7,North,Large,2,Pre,0,42.61
7,North,Large,3,Pre,0,44.03
7,North,Large,4,Pre,0,46.08
7,North,Large,5,Pre,0,43.35
7,North,Large,6,Pre,0,42.62
7,North,Large,7,Pre,0,45.61
7,North,Large,8,Pre,0,45.61
7,North,Large,9,Post,1,47.5
7,North,Large,10,Post,1,45.65
7,North,Large,11,Post,1,45.72
7,North,Large,12,Post,1,50.04
7,North,Large,13,Post,1,53.6
7,North,Large,14,Post,1,49.18
7,North,Large,15,Post,1,48.17
7,North,Large,16,Post,1,49.98
8,West,Large,1,Pre,0,40.97
8,West,Large,2,Pre,0,43.81
8,West,Large,3,Pre,0,39.21
8,West,Large,4,Pre,0,40.64
8,West,Large,5,Pre,0,41.45
8,West,Large,6,Pre,0,38.39
8,West,Large,7,Pre,0,40.15
8,West,Large,8,Pre,0,39.55
8,West,Large,9,Post,1,41.97
8,West,Large,10,Post,1,45.44
8,West,Large,11,Post,1,48.45
8,West,Large,12,Post,1,44.45
8,West,Large,13,Post,1,45.58
8,West,Large,14,Post,1,44.38
8,West,Large,15,Post,1,41.33
8,West,Large,16,Post,1,40.0
9,East,Small,1,Pre,0,16.14
9,East,Small,2,Pre,0,16.68
9,East,Small,3,Pre,0,20.98
9,East,Small,4,Pre,0,18.38
9,East,Small,5,Pre,0,14.11
9,East,Small,6,Pre,0,13.21
9,East,Small,7,Pre,0,17.1
9,East,Small,8,Pre,0,12.03
9,East,Small,9,Post,1,23.02
9,East,Small,10,Post,1,12.16
9,East,Small,11,Post,1,18.83
9,East,Small,12,Post,1,14.54
9,East,Small,13,Post,1,16.82
9,East,Small,14,Post,1,16.32
9,East,Small,15,Post,1,15.28
9,East,Small,16,Post,1,17.69
10,East,Medium,1,Pre,0,31.54
10,East,Medium,2,Pre,0,26.39
10,East,Medium,3,Pre,0,25.25
10,East,Medium,4,Pre,0,33.12
10,East,Medium,5,Pre,0,30.47
10,East,Medium,6,Pre,0,27.45
10,East,Medium,7,Pre,0,33.89
10,East,Medium,8,Pre,0,29.87
10,East,Medium,9,Post,1,34.35
10,East,Medium,10,Post,1,40.13
10,East,Medium,11,Post,1,35.16
10,East,Medium,12,Post,1,37.35
10,East,Medium,13,Post,1,33.51
10,East,Medium,14,Post,1,29.09
10,East,Medium,15,Post,1,25.61
10,East,Medium,16,Post,1,34.43
11,North,Medium,1,Pre,0,32.71
11,North,Medium,2,Pre,0,37.07
11,North,Medium,3,Pre,0,28.64
11,North,Medium,4,Pre,0,27.74
11,North,Medium,5,Pre,0,32.35
11,North,Medium,6,Pre,0,33.58
11,North,Medium,7,Pre,0,32.42
11,North,Medium,8,Pre,0,26.72
11,North,Medium,9,Post,1,31.95
11,North,Medium,10,Post,1,37.54
11,North,Medium,11,Post,1,33.14
11,North,Medium,12,Post,1,34.26
11,North,Medium,13,Post,1,34.09
11,North,Medium,14,Post,1,34.83
11,North,Medium,15,Post,1,34.46
11,North,Medium,16,Post,1,32.91
12,West,Small,1,Pre,0,19.91
12,West,Small,2,Pre,0,14.51
12,West,Small,3,Pre,0,12.45
12,West,Small,4,Pre,0,15.01
12,West,Small,5,Pre,0,14.09
12,West,Small,6,Pre,0,13.79
12,West,Small,7,Pre,0,16.13
12,West,Small,8,Pre,0,16.53
12,West,Small,9,Post,1,13.96
12,West,Small,10,Post,1,9.43
12,West,Small,11,Post,1,18.22
12,West,Small,12,Post,1,17.48
12,West,Small,13,Post,1,17.77
12,West,Small,14,Post,1,23.04
12,West,Small,15,Post,1,13.38
12,West,Small,16,Post,1,14.85
13,West,Small,1,Pre,0,11.75
13,West,Small,2,Pre,0,13.92
13,West,Small,3,Pre,0,12.7
13,West,Small,4,Pre,0,20.45
13,West,Small,5,Pre,0,18.2
13,West,Small,6,Pre,0,15.71
13,West,Small,7,Pre,0,19.87
13,West,Small,8,Pre,0,15.95
13,West,Small,9,Post,1,20.76
13,West,Small,10,Post,1,15.27
13,West,Small,11,Post,1,14.85
13,West,Small,12,Post,1,18.46
13,West,Small,13,Post,1,15.91
13,West,Small,14,Post,1,16.38
13,West,Small,15,Post,1,15.29
13,West,Small,16,Post,1,16.63
14,North,Small,1,Pre,0,16.26
14,North,Small,2,Pre,0,15.37
14,North,Small,3,Pre,0,14.84
14,North,Small,4,Pre,0,12.97
14,North,Small,5,Pre,0,13.89
14,North,Small,6,Pre,0,17.62
14,North,Small,7,Pre,0,16.91
14,North,Small,8,Pre,0,12.77
14,North,Small,9,Post,1,19.53
14,North,Small,10,Post,1,16.83
14,North,Small,11,Post,1,18.11
14,North,Small,12,Post,1,11.34
14,North,Small,13,Post,1,15.49
14,North,Small,14,Post,1,15.09
14,North,Small,15,Post,1,13.42
14,North,Small,16,Post,1,13.84
15,North,Large,1,Pre,0,40.18
15,North,Large,2,Pre,0,37.64
15,North,Large,3,Pre,0,38.97
15,North,Large,4,Pre,0,42.86
15,North,Large,5,Pre,0,38.43
15,North,Large,6,Pre,0,42.38
15,North,Large,7,Pre,0,36.88
15,North,Large,8,Pre,0,41.53
15,North,Large,9,Post,1,39.35
15,North,Large,10,Post,1,45.2
15,North,Large,11,Post,1,45.34
15,North,Large,12,Post,1,44.06
15,North,Large,13,Post,1,47.63
15,North,Large,14,Post,1,45.8
15,North,Large,15,Post,1,42.68
15,North,Large,16,Post,1,45.13
16,North,Small,1,Pre,0,17.55
16,North,Small,2,Pre,0,22.55
16,North,Small,3,Pre,0,19.18
16,North,Small,4,Pre,0,15.82
16,North,Small,5,Pre,0,20.1
16,North,Small,6,Pre,0,15.59
16,North,Small,7,Pre,0,11.03
16,North,Small,8,Pre,0,13.91
16,North,Small,9,Post,1,15.31
16,North,Small,10,Post,1,23.25
16,North,Small,11,Post,1,18.32
16,North,Small,12,Post,1,13.34
16,North,Small,13,Post,1,20.98
16,North,Small,14,Post,1,19.97
16,North,Small,15,Post,1,17.78
16,North,Small,16,Post,1,25.65
17,South,Medium,1,Pre,0,29.24
17,South,Medium,2,Pre,0,27.26
17,South,Medium,3,Pre,0,26.17
17,South,Medium,4,Pre,0,30.87
17,South,Medium,5,Pre,0,26.15
17,South,Medium,6,Pre,0,28.75
17,South,Medium,7,Pre,0,27.21
17,South,Medium,8,Pre,0,29.89
17,South,Medium,9,Post,1,35.05
17,South,Medium,10,Post,1,30.38
17,South,Medium,11,Post,1,29.33
17,South,Medium,12,Post,1,34.32
17,South,Medium,13,Post,1,33.07
17,South,Medium,14,Post,1,34.53
17,South,Medium,15,Post,1,31.83
17,South,Medium,16,Post,1,25.27
18,South,Medium,1,Pre,0,34.32
18,South,Medium,2,Pre,0,32.33
18,South,Medium,3,Pre,0,33.27
18,South,Medium,4,Pre,0,29.34
18,South,Medium,5,Pre,0,39.34
18,South,Medium,6,Pre,0,32.85
18,South,Medium,7,Pre,0,32.79
18,South,Medium,8,Pre,0,34.52
18,South,Medium,9,Post,1,36.89
18,South,Medium,10,Post,1,36.06
18,South,Medium,11,Post,1,41.71
18,South,Medium,12,Post,1,36.17
18,South,Medium,13,Post,1,34.15
18,South,Medium,14,Post,1,38.82
18,South,Medium,15,Post,1,37.94
18,South,Medium,16,Post,1,34.3
19,South,Medium,1,Pre,0,20.33
19,South,Medium,2,Pre,0,27.27
19,South,Medium,3,Pre,0,25.17
19,South,Medium,4,Pre,0,21.35
19,South,Medium,5,Pre,0,21.34
19,South,Medium,6,Pre,0,24.02
19,South,Medium,7,Pre,0,29.64
19,South,Medium,8,Pre,0,24.24
19,South,Medium,9,Post,1,25.67
19,South,Medium,10,Post,1,20.29
19,South,Medium,11,Post,1,27.45
19,South,Medium,12,Post,1,34.18
19,South,Medium,13,Post,1,28.76
19,South,Medium,14,Post,1,34.04
19,South,Medium,15,Post,1,28.27
19,South,Medium,16,Post,1,28.69
20,South,Large,1,Pre,0,39.96
20,South,Large,2,Pre,0,40.04
20,South,Large,3,Pre,0,41.48
20,South,Large,4,Pre,0,40.05
20,South,Large,5,Pre,0,39.57
20,South,Large,6,Pre,0,41.86
20,South,Large,7,Pre,0,40.85
20,South,Large,8,Pre,0,45.78
20,South,Large,9,Post,1,45.94
20,South,Large,10,Post,1,41.76
20,South,Large,11,Post,1,44.62
20,South,Large,12,Post,1,42.2
20,South,Large,13,Post,1,49.64
20,South,Large,14,Post,1,50.75
20,South,Large,15,Post,1,43.77
20,South,Large,16,Post,1,46.81
21,East,Large,1,Pre,0,40.33
21,East,Large,2,Pre,0,37.66
21,East,Large,3,Pre,0,37.28
21,East,Large,4,Pre,0,40.32
21,East,Large,5,Pre,0,39.58
21,East,Large,6,Pre,0,37.32
21,East,Large,7,Pre,0,41.58
21,East,Large,8,Pre,0,35.31
21,East,Large,9,Post,1,45.23
21,East,Large,10,Post,1,43.38
21,East,Large,11,Post,1,43.92
21,East,Large,12,Post,1,41.15
21,East,Large,13,Post,1,42.12
21,East,Large,14,Post,1,36.78
21,East,Large,15,Post,1,39.98
21,East,Large,16,Post,1,39.11
22,North,Small,1,Pre,0,23.68
22,North,Small,2,Pre,0,22.82
22,North,Small,3,Pre,0,21.56
22,North,Small,4,Pre,0,24.21
22,North,Small,5,Pre,0,22.98
22,North,Small,6,Pre,0,26.18
22,North,Small,7,Pre,0,23.41
22,North,Small,8,Pre,0,23.51
22,North,Small,9,Post,1,24.29
22,North,Small,10,Post,1,20.47
22,North,Small,11,Post,1,25.35
22,North,Small,12,Post,1,24.58
22,North,Small,13,Post,1,25.88
22,North,Small,14,Post,1,22.06
22,North,Small,15,Post,1,22.38
22,North,Small,16,Post,1,20.61
23,South,Medium,1,Pre,0,32.41
23,South,Medium,2,Pre,0,31.8
23,South,Medium,3,Pre,0,33.84
23,South,Medium,4,Pre,0,35.75
23,South,Medium,5,Pre,0,33.93
23,South,Medium,6,Pre,0,25.93
23,South,Medium,7,Pre,0,27.5
23,South,Medium,8,Pre,0,29.34
23,South,Medium,9,Post,1,35.77
23,South,Medium,10,Post,1,33.94
23,South,Medium,11,Post,1,31.67
23,South,Medium,12,Post,1,30.01
23,South,Medium,13,Post,1,29.93
23,South,Medium,14,Post,1,32.89
23,South,Medium,15,Post,1,38.83
23,South,Medium,16,Post,1,32.11
24,South,Small,1,Pre,0,18.49
24,South,Small,2,Pre,0,20.44
24,South,Small,3,Pre,0,27.27
24,South,Small,4,Pre,0,19.83
24,South,Small,5,Pre,0,23.32
24,South,Small,6,Pre,0,18.13
24,South,Small,7,Pre,0,20.0
24,South,Small,8,Pre,0,25.06
24,South,Small,9,Post,1,26.22
24,South,Small,10,Post,1,21.18
24,South,Small,11,Post,1,25.38
24,South,Small,12,Post,1,18.25
24,South,Small,13,Post,1,20.34
24,South,Small,14,Post,1,23.55
24,South,Small,15,Post,1,18.38
24,South,Small,16,Post,1,24.07
25,South,Small,1,Pre,0,22.71
25,South,Small,2,Pre,0,22.01
25,South,Small,3,Pre,0,20.97
25,South,Small,4,Pre,0,19.48
25,South,Small,5,Pre,0,15.03
25,South,Small,6,Pre,0,20.88
25,South,Small,7,Pre,0,20.26
25,South,Small,8,Pre,0,20.44
25,South,Small,9,Post,1,16.92
25,South,Small,10,Post,1,22.63
25,South,Small,11,Post,1,22.38
25,South,Small,12,Post,1,24.14
25,South,Small,13,Post,1,21.13
25,South,Small,14,Post,1,19.71
25,South,Small,15,Post,1,21.73
25,South,Small,16,Post,1,24.42
26,West,Small,1,Pre,0,14.79
26,West,Small,2,Pre,0,14.08
26,West,Small,3,Pre,0,19.37
26,West,Small,4,Pre,0,15.87
26,West,Small,5,Pre,0,18.21
26,West,Small,6,Pre,0,11.16
26,West,Small,7,Pre,0,16.06
26,West,Small,8,Pre,0,17.81
26,West,Small,9,Post,1,20.2
26,West,Small,10,Post,1,20.44
26,West,Small,11,Post,1,18.86
26,West,Small,12,Post,1,20.65
26,West,Small,13,Post,1,17.55
26,West,Small,14,Post,1,15.82
26,West,Small,15,Post,1,12.93
26,West,Small,16,Post,1,13.76
27,North,Medium,1,Pre,0,28.55
27,North,Medium,2,Pre,0,32.24
27,North,Medium,3,Pre,0,25.1
27,North,Medium,4,Pre,0,30.65
27,North,Medium,5,Pre,0,27.3
27,North,Medium,6,Pre,0,27.76
27,North,Medium,7,Pre,0,29.79
27,North,Medium,8,Pre,0,24.75
27,North,Medium,9,Post,1,32.02
27,North,Medium,10,Post,1,32.5
27,North,Medium,11,Post,1,32.26
27,North,Medium,12,Post,1,28.71
27,North,Medium,13,Post,1,28.64
27,North,Medium,14,Post,1,36.5
27,North,Medium,15,Post,1,28.08
27,North,Medium,16,Post,1,30.12
28,South,Medium,1,Pre,0,30.47
28,South,Medium,2,Pre,0,25.65
28,South,Medium,3,Pre,0,34.23
28,South,Medium,4,Pre,0,34.93
28,South,Medium,5,Pre,0,28.18
28,South,Medium,6,Pre,0,28.81
28,South,Medium,7,Pre,0,30.7
28,South,Medium,8,Pre,0,30.84
28,South,Medium,9,Post,1,39.52
28,South,Medium,10,Post,1,30.65
28,South,Medium,11,Post,1,29.4
28,South,Medium,12,Post,1,38.08
28,South,Medium,13,Post,1,33.1
28,South,Medium,14,Post,1,36.41
28,South,Medium,15,Post,1,34.64
28,South,Medium,16,Post,1,35.44
29,East,Small,1,Pre,0,25.22
29,East,Small,2,Pre,0,21.68
29,East,Small,3,Pre,0,19.04
29,East,Small,4,Pre,0,21.7
29,East,Small,5,Pre,0,23.15
29,East,Small,6,Pre,0,22.34
29,East,Small,7,Pre,0,21.47
29,East,Small,8,Pre,0,23.03
29,East,Small,9,Post,1,27.12
29,East,Small,10,Post,1,22.16
29,East,Small,11,Post,1,25.4
29,East,Small,12,Post,1,21.9
29,East,Small,13,Post,1,21.45
29,East,Small,14,Post,1,23.91
29,East,Small,15,Post,1,18.09
29,East,Small,16,Post,1,24.55
30,North,Small,1,Pre,0,23.63
30,North,Small,2,Pre,0,25.1
30,North,Small,3,Pre,0,25.19
30,North,Small,4,Pre,0,28.91
30,North,Small,5,Pre,0,24.22
30,North,Small,6,Pre,0,25.27
30,North,Small,7,Pre,0,26.19
30,North,Small,8,Pre,0,25.01
30,North,Small,9,Post,1,26.3
30,North,Small,10,Post,1,24.7
30,North,Small,11,Post,1,24.49
30,North,Small,12,Post,1,23.46
30,North,Small,13,Post,1,26.68
30,North,Small,14,Post,1,27.98
30,North,Small,15,Post,1,30.89
30,North,Small,16,Post,1,18.4
31,East,Large,1,Pre,0,41.91
31,East,Large,2,Pre,0,40.46
31,East,Large,3,Pre,0,45.3
31,East,Large,4,Pre,0,44.0
31,East,Large,5,Pre,0,41.74
31,East,Large,6,Pre,0,39.74
31,East,Large,7,Pre,0,45.76
31,East,Large,8,Pre,0,45.14
31,East,Large,9,Post,1,52.87
31,East,Large,10,Post,1,42.26
31,East,Large,11,Post,1,46.86
31,East,Large,12,Post,1,47.44
31,East,Large,13,Post,1,44.74
31,East,Large,14,Post,1,49.32
31,East,Large,15,Post,1,50.12
31,East,Large,16,Post,1,49.96
32,North,Small,1,Pre,0,21.14
32,North,Small,2,Pre,0,23.06
32,North,Small,3,Pre,0,19.89
32,North,Small,4,Pre,0,21.33
32,North,Small,5,Pre,0,19.09
32,North,Small,6,Pre,0,23.38
32,North,Small,7,Pre,0,17.45
32,North,Small,8,Pre,0,24.39
32,North,Small,9,Post,1,17.09
32,North,Small,10,Post,1,19.39
32,North,Small,11,Post,1,20.32
32,North,Small,12,Post,1,15.32
32,North,Small,13,Post,1,13.81
32,North,Small,14,Post,1,21.37
32,North,Small,15,Post,1,23.28
32,North,Small,16,Post,1,19.85
33,North,Small,1,Pre,0,14.75
33,North,Small,2,Pre,0,22.2
33,North,Small,3,Pre,0,20.45
33,North,Small,4,Pre,0,17.37
33,North,Small,5,Pre,0,18.06
33,North,Small,6,Pre,0,18.57
33,North,Small,7,Pre,0,12.27
33,North,Small,8,Pre,0,17.3
33,North,Small,9,Post,1,16.17
33,North,Small,10,Post,1,24.49
33,North,Small,11,Post,1,18.96
33,North,Small,12,Post,1,24.39
33,North,Small,13,Post,1,21.07
33,North,Small,14,Post,1,20.97
33,North,Small,15,Post,1,22.77
33,North,Small,16,Post,1,23.49
34,West,Medium,1,Pre,0,30.08
34,West,Medium,2,Pre,0,26.95
34,West,Medium,3,Pre,0,32.21
34,West,Medium,4,Pre,0,24.46
34,West,Medium,5,Pre,0,31.25
34,West,Medium,6,Pre,0,26.95
34,West,Medium,7,Pre,0,24.57
34,West,Medium,8,Pre,0,25.04
34,West,Medium,9,Post,1,30.4
34,West,Medium,10,Post,1,28.62
34,West,Medium,11,Post,1,35.56
34,West,Medium,12,Post,1,32.89
34,West,Medium,13,Post,1,29.98
34,West,Medium,14,Post,1,27.47
34,West,Medium,15,Post,1,24.61
34,West,Medium,16,Post,1,31.89
35,West,Large,1,Pre,0,44.96
35,West,Large,2,Pre,0,37.12
35,West,Large,3,Pre,0,36.45
35,West,Large,4,Pre,0,41.18
35,West,Large,5,Pre,0,43.48
35,West,Large,6,Pre,0,45.27
35,West,Large,7,Pre,0,39.27
35,West,Large,8,Pre,0,43.57
35,West,Large,9,Post,1,44.52
35,West,Large,10,Post,1,47.94
35,West,Large,11,Post,1,47.29
35,West,Large,12,Post,1,44.95
35,West,Large,13,Post,1,46.91
35,West,Large,14,Post,1,43.82
35,West,Large,15,Post,1,44.17
35,West,Large,16,Post,1,47.98
36,West,Small,1,Pre,0,19.05
36,West,Small,2,Pre,0,8.91
36,West,Small,3,Pre,0,20.1
36,West,Small,4,Pre,0,12.02
36,West,Small,5,Pre,0,15.87
36,West,Small,6,Pre,0,13.75
36,West,Small,7,Pre,0,13.26
36,West,Small,8,Pre,0,20.14
36,West,Small,9,Post,1,19.1
36,West,Small,10,Post,1,19.97
36,West,Small,11,Post,1,15.19
36,West,Small,12,Post,1,18.5
36,West,Small,13,Post,1,15.62
36,West,Small,14,Post,1,22.87
36,West,Small,15,Post,1,17.29
36,West,Small,16,Post,1,24.12
37,South,Medium,1,Pre,0,30.35
37,South,Medium,2,Pre,0,32.03
37,South,Medium,3,Pre,0,29.81
37,South,Medium,4,Pre,0,28.42
37,South,Medium,5,Pre,0,28.6
37,South,Medium,6,Pre,0,28.95
37,South,Medium,7,Pre,0,29.04
37,South,Medium,8,Pre,0,31.18
37,South,Medium,9,Post,1,34.46
37,South,Medium,10,Post,1,32.47
37,South,Medium,11,Post,1,32.51
37,South,Medium,12,Post,1,35.56
37,South,Medium,13,Post,1,34.72
37,South,Medium,14,Post,1,35.28
37,South,Medium,15,Post,1,32.81
37,South,Medium,16,Post,1,29.34
38,North,Medium,1,Pre,0,33.21
38,North,Medium,2,Pre,0,34.35
38,North,Medium,3,Pre,0,36.18
38,North,Medium,4,Pre,0,35.13
38,North,Medium,5,Pre,0,34.16
38,North,Medium,6,Pre,0,34.76
38,North,Medium,7,Pre,0,40.47
38,North,Medium,8,Pre,0,33.58
38,North,Medium,9,Post,1,40.13
38,North,Medium,10,Post,1,41.59
38,North,Medium,11,Post,1,34.51
38,North,Medium,12,Post,1,35.69
38,North,Medium,13,Post,1,35.19
38,North,Medium,14,Post,1,37.79
38,North,Medium,15,Post,1,38.51
38,North,Medium,16,Post,1,40.15
39,East,Small,1,Pre,0,19.97
39,East,Small,2,Pre,0,20.6
39,East,Small,3,Pre,0,13.83
39,East,Small,4,Pre,0,18.94
39,East,Small,5,Pre,0,19.23
39,East,Small,6,Pre,0,16.43
39,East,Small,7,Pre,0,21.12
39,East,Small,8,Pre,0,16.85
39,East,Small,9,Post,1,18.73
39,East,Small,10,Post,1,16.02
39,East,Small,11,Post,1,21.8
39,East,Small,12,Post,1,15.28
39,East,Small,13,Post,1,14.69
39,East,Small,14,Post,1,22.08
39,East,Small,15,Post,1,18.35
39,East,Small,16,Post,1,24.52
40,South,Medium,1,Pre,0,20.03
40,South,Medium,2,Pre,0,33.44
40,South,Medium,3,Pre,0,23.13
40,South,Medium,4,Pre,0,22.42
40,South,Medium,5,Pre,0,29.89
40,South,Medium,6,Pre,0,33.86
40,South,Medium,7,Pre,0,30.9
40,South,Medium,8,Pre,0,28.6
40,South,Medium,9,Post,1,33.33
40,South,Medium,10,Post,1,31.92
40,South,Medium,11,Post,1,30.18
40,South,Medium,12,Post,1,28.53
40,South,Medium,13,Post,1,27.92
40,South,Medium,14,Post,1,25.95
40,South,Medium,15,Post,1,34.34
40,South,Medium,16,Post,1,26.93
41,North,Medium,1,Pre,0,27.67
41,North,Medium,2,Pre,0,22.28
41,North,Medium,3,Pre,0,24.4
41,North,Medium,4,Pre,0,26.57
41,North,Medium,5,Pre,0,22.32
41,North,Medium,6,Pre,0,25.33
41,North,Medium,7,Pre,0,21.3
41,North,Medium,8,Pre,0,23.35
41,North,Medium,9,Post,1,24.15
41,North,Medium,10,Post,1,28.7
41,North,Medium,11,Post,1,29.52
41,North,Medium,12,Post,1,30.22
41,North,Medium,13,Post,1,28.06
41,North,Medium,14,Post,1,29.02
41,North,Medium,15,Post,1,26.31
41,North,Medium,16,Post,1,23.51
42,South,Medium,1,Pre,0,29.77
42,South,Medium,2,Pre,0,31.31
42,South,Medium,3,Pre,0,31.24
42,South,Medium,4,Pre,0,35.75
42,South,Medium,5,Pre,0,32.42
42,South,Medium,6,Pre,0,36.74
42,South,Medium,7,Pre,0,31.36
42,South,Medium,8,Pre,0,34.03
42,South,Medium,9,Post,1,41.45
42,South,Medium,10,Post,1,35.89
42,South,Medium,11,Post,1,38.37
42,South,Medium,12,Post,1,35.86
42,South,Medium,13,Post,1,36.09
42,South,Medium,14,Post,1,43.79
42,South,Medium,15,Post,1,31.94
42,South,Medium,16,Post,1,43.57
43,North,Medium,1,Pre,0,30.18
43,North,Medium,2,Pre,0,30.29
43,North,Medium,3,Pre,0,24.04
43,North,Medium,4,Pre,0,27.18
43,North,Medium,5,Pre,0,30.15
43,North,Medium,6,Pre,0,24.53
43,North,Medium,7,Pre,0,25.02
43,North,Medium,8,Pre,0,23.96
43,North,Medium,9,Post,1,25.75
43,North,Medium,10,Post,1,27.42
43,North,Medium,11,Post,1,28.52
43,North,Medium,12,Post,1,27.85
43,North,Medium,13,Post,1,24.21
43,North,Medium,14,Post,1,32.68
43,North,Medium,15,Post,1,32.02
43,North,Medium,16,Post,1,27.32
44,West,Medium,1,Pre,0,29.4
44,West,Medium,2,Pre,0,28.05
44,West,Medium,3,Pre,0,29.34
44,West,Medium,4,Pre,0,25.25
44,West,Medium,5,Pre,0,28.31
44,West,Medium,6,Pre,0,23.87
44,West,Medium,7,Pre,0,27.52
44,West,Medium,8,Pre,0,25.3
44,West,Medium,9,Post,1,33.61
44,West,Medium,10,Post,1,34.05
44,West,Medium,11,Post,1,28.84
44,West,Medium,12,Post,1,32.89
44,West,Medium,13,Post,1,34.92
44,West,Medium,14,Post,1,30.4
44,West,Medium,15,Post,1,30.77
44,West,Medium,16,Post,1,34.56
45,North,Small,1,Pre,0,11.91
45,North,Small,2,Pre,0,10.5
45,North,Small,3,Pre,0,17.06
45,North,Small,4,Pre,0,12.55
45,North,Small,5,Pre,0,9.61
45,North,Small,6,Pre,0,16.73
45,North,Small,7,Pre,0,22.62
45,North,Small,8,Pre,0,15.63
45,North,Small,9,Post,1,18.68
45,North,Small,10,Post,1,19.9
45,North,Small,11,Post,1,17.84
45,North,Small,12,Post,1,15.96
45,North,Small,13,Post,1,18.14
45,North,Small,14,Post,1,18.04
45,North,Small,15,Post,1,16.44
45,North,Small,16,Post,1,20.47
46,East,Large,1,Pre,0,43.35
46,East,Large,2,Pre,0,45.71
46,East,Large,3,Pre,0,47.32
46,East,Large,4,Pre,0,44.99
46,East,Large,5,Pre,0,43.45
46,East,Large,6,Pre,0,39.75
46,East,Large,7,Pre,0,40.44
46,East,Large,8,Pre,0,42.57
46,East,Large,9,Post,1,46.67
46,East,Large,10,Post,1,49.48
46,East,Large,11,Post,1,49.2
46,East,Large,12,Post,1,42.47
46,East,Large,13,Post,1,46.39
46,East,Large,14,Post,1,48.15
46,East,Large,15,Post,1,53.17
46,East,Large,16,Post,1,51.84
47,South,Small,1,Pre,0,17.5
47,South,Small,2,Pre,0,16.73
47,South,Small,3,Pre,0,17.6
47,South,Small,4,Pre,0,17.36
47,South,Small,5,Pre,0,18.92
47,South,Small,6,Pre,0,18.9
47,South,Small,7,Pre,0,18.45
47,South,Small,8,Pre,0,19.67
47,South,Small,9,Post,1,24.33
47,South,Small,10,Post,1,11.31
47,South,Small,11,Post,1,17.54
47,South,Small,12,Post,1,16.7
47,South,Small,13,Post,1,19.6
47,South,Small,14,Post,1,19.54
47,South,Small,15,Post,1,15.61
47,South,Small,16,Post,1,16.58
48,South,Small,1,Pre,0,18.51
48,South,Small,2,Pre,0,20.17
48,South,Small,3,Pre,0,18.88
48,South,Small,4,Pre,0,15.83
48,South,Small,5,Pre,0,21.9
48,South,Small,6,Pre,0,18.11
48,South,Small,7,Pre,0,18.47
48,South,Small,8,Pre,0,15.94
48,South,Small,9,Post,1,17.34
48,South,Small,10,Post,1,24.94
48,South,Small,11,Post,1,14.19
48,South,Small,12,Post,1,21.53
48,South,Small,13,Post,1,22.46
48,South,Small,14,Post,1,24.74
48,South,Small,15,Post,1,19.8
48,South,Small,16,Post,1,21.24
49,East,Small,1,Pre,0,21.06
49,East,Small,2,Pre,0,23.87
49,East,Small,3,Pre,0,24.6
49,East,Small,4,Pre,0,20.32
49,East,Small,5,Pre,0,18.12
49,East,Small,6,Pre,0,21.51
49,East,Small,7,Pre,0,18.33
49,East,Small,8,Pre,0,25.86
49,East,Small,9,Post,1,21.17
49,East,Small,10,Post,1,18.48
49,East,Small,11,Post,1,24.22
49,East,Small,12,Post,1,18.31
49,East,Small,13,Post,1,25.99
49,East,Small,14,Post,1,25.68
49,East,Small,15,Post,1,17.14
49,East,Small,16,Post,1,22.92
50,North,Medium,1,Pre,0,30.97
50,North,Medium,2,Pre,0,28.8
50,North,Medium,3,Pre,0,28.52
50,North,Medium,4,Pre,0,33.31
50,North,Medium,5,Pre,0,25.45
50,North,Medium,6,Pre,0,29.85
50,North,Medium,7,Pre,0,27.41
50,North,Medium,8,Pre,0,28.0
50,North,Medium,9,Post,1,33.7
50,North,Medium,10,Post,1,34.1
50,North,Medium,11,Post,1,27.66
50,North,Medium,12,Post,1,23.69
50,North,Medium,13,Post,1,29.83
50,North,Medium,14,Post,1,29.41
50,North,Medium,15,Post,1,33.1
50,North,Medium,16,Post,1,29.85
51,West,Medium,1,Pre,0,28.29
51,West,Medium,2,Pre,0,26.8
51,West,Medium,3,Pre,0,32.0
51,West,Medium,4,Pre,0,28.87
51,West,Medium,5,Pre,0,29.56
51,West,Medium,6,Pre,0,29.35
51,West,Medium,7,Pre,0,30.78
51,West,Medium,8,Pre,0,28.01
51,West,Medium,9,Post,1,30.26
51,West,Medium,10,Post,1,28.44
51,West,Medium,11,Post,1,34.87
51,West,Medium,12,Post,1,31.59
51,West,Medium,13,Post,1,33.42
51,West,Medium,14,Post,1,35.4
51,West,Medium,15,Post,1,30.7
51,West,Medium,16,Post,1,34.77
52,East,Small,1,Pre,0,19.63
52,East,Small,2,Pre,0,16.59
52,East,Small,3,Pre,0,19.43
52,East,Small,4,Pre,0,17.64
52,East,Small,5,Pre,0,18.39
52,East,Small,6,Pre,0,21.67
52,East,Small,7,Pre,0,24.7
52,East,Small,8,Pre,0,21.12
52,East,Small,9,Post,1,21.63
52,East,Small,10,Post,1,21.55
52,East,Small,11,Post,1,21.7
52,East,Small,12,Post,1,22.69
52,East,Small,13,Post,1,22.85
52,East,Small,14,Post,1,19.53
52,East,Small,15,Post,1,21.64
52,East,Small,16,Post,1,22.77
53,West,Medium,1,Pre,0,31.29
53,West,Medium,2,Pre,0,24.7
53,West,Medium,3,Pre,0,23.74
53,West,Medium,4,Pre,0,24.4
53,West,Medium,5,Pre,0,32.21
53,West,Medium,6,Pre,0,27.13
53,West,Medium,7,Pre,0,35.84
53,West,Medium,8,Pre,0,27.09
53,West,Medium,9,Post,1,36.41
53,West,Medium,10,Post,1,40.05
53,West,Medium,11,Post,1,36.19
53,West,Medium,12,Post,1,34.76
53,West,Medium,13,Post,1,28.92
53,West,Medium,14,Post,1,31.39
53,West,Medium,15,Post,1,33.28
53,West,Medium,16,Post,1,33.27
54,West,Small,1,Pre,0,19.24
54,West,Small,2,Pre,0,21.89
54,West,Small,3,Pre,0,20.43
54,West,Small,4,Pre,0,17.21
54,West,Small,5,Pre,0,22.2
54,West,Small,6,Pre,0,22.09
54,West,Small,7,Pre,0,26.67
54,West,Small,8,Pre,0,24.2
54,West,Small,9,Post,1,28.2
54,West,Small,10,Post,1,27.33
54,West,Small,11,Post,1,21.27
54,West,Small,12,Post,1,26.83
54,West,Small,13,Post,1,30.82
54,West,Small,14,Post,1,20.51
54,West,Small,15,Post,1,19.45
54,West,Small,16,Post,1,24.21
55,East,Medium,1,Pre,0,22.14
55,East,Medium,2,Pre,0,28.04
55,East,Medium,3,Pre,0,25.11
55,East,Medium,4,Pre,0,23.33
55,East,Medium,5,Pre,0,18.56
55,East,Medium,6,Pre,0,26.52
55,East,Medium,7,Pre,0,31.56
55,East,Medium,8,Pre,0,31.25
55,East,Medium,9,Post,1,27.57
55,East,Medium,10,Post,1,27.57
55,East,Medium,11,Post,1,32.31
55,East,Medium,12,Post,1,30.99
55,East,Medium,13,Post,1,27.1
55,East,Medium,14,Post,1,28.18
55,East,Medium,15,Post,1,32.8
55,East,Medium,16,Post,1,33.02
56,West,Small,1,Pre,0,17.13
56,West,Small,2,Pre,0,15.09
56,West,Small,3,Pre,0,10.4
56,West,Small,4,Pre,0,19.66
56,West,Small,5,Pre,0,19.25
56,West,Small,6,Pre,0,16.4
56,West,Small,7,Pre,0,17.37
56,West,Small,8,Pre,0,18.63
56,West,Small,9,Post,1,15.63
56,West,Small,10,Post,1,16.43
56,West,Small,11,Post,1,15.54
56,West,Small,12,Post,1,19.45
56,West,Small,13,Post,1,20.31
56,West,Small,14,Post,1,15.84
56,West,Small,15,Post,1,22.44
56,West,Small,16,Post,1,17.94
57,North,Medium,1,Pre,0,31.23
57,North,Medium,2,Pre,0,29.78
57,North,Medium,3,Pre,0,28.26
57,North,Medium,4,Pre,0,26.97
57,North,Medium,5,Pre,0,29.53
57,North,Medium,6,Pre,0,26.28
57,North,Medium,7,Pre,0,21.11
57,North,Medium,8,Pre,0,30.51
57,North,Medium,9,Post,1,26.95
57,North,Medium,10,Post,1,33.01
57,North,Medium,11,Post,1,35.01
57,North,Medium,12,Post,1,31.1
57,North,Medium,13,Post,1,32.33
57,North,Medium,14,Post,1,30.18
57,North,Medium,15,Post,1,31.69
57,North,Medium,16,Post,1,35.34
58,North,Medium,1,Pre,0,26.43
58,North,Medium,2,Pre,0,22.87
58,North,Medium,3,Pre,0,29.72
58,North,Medium,4,Pre,0,27.02
58,North,Medium,5,Pre,0,26.74
58,North,Medium,6,Pre,0,36.18
58,North,Medium,7,Pre,0,28.08
58,North,Medium,8,Pre,0,25.14
58,North,Medium,9,Post,1,33.15
58,North,Medium,10,Post,1,26.55
58,North,Medium,11,Post,1,29.68
58,North,Medium,12,Post,1,35.72
58,North,Medium,13,Post,1,33.49
58,North,Medium,14,Post,1,32.91
58,North,Medium,15,Post,1,28.65
58,North,Medium,16,Post,1,32.55
59,North,Large,1,Pre,0,39.87
59,North,Large,2,Pre,0,38.32
59,North,Large,3,Pre,0,42.18
59,North,Large,4,Pre,0,46.77
59,North,Large,5,Pre,0,38.01
59,North,Large,6,Pre,0,41.06
59,North,Large,7,Pre,0,44.95
59,North,Large,8,Pre,0,40.77
59,North,Large,9,Post,1,43.06
59,North,Large,10,Post,1,45.49
59,North,Large,11,Post,1,50.0
59,North,Large,12,Post,1,50.23
59,North,Large,13,Post,1,46.43
59,North,Large,14,Post,1,46.02
59,North,Large,15,Post,1,45.61
59,North,Large,16,Post,1,44.26
60,South,Small,1,Pre,0,25.11
60,South,Small,2,Pre,0,21.09
60,South,Small,3,Pre,0,15.48
60,South,Small,4,Pre,0,19.72
60,South,Small,5,Pre,0,25.05
60,South,Small,6,Pre,0,21.36
60,South,Small,7,Pre,0,18.62
60,South,Small,8,Pre,0,20.01
60,South,Small,9,Post,1,25.76
60,South,Small,10,Post,1,21.91
60,South,Small,11,Post,1,20.17
60,South,Small,12,Post,1,24.26
60,South,Small,13,Post,1,28.94
60,South,Small,14,Post,1,23.21
60,South,Small,15,Post,1,23.64
60,South,Small,16,Post,1,23.04
61,South,Small,1,Pre,0,17.79
61,South,Small,2,Pre,0,13.16
61,South,Small,3,Pre,0,15.03
61,South,Small,4,Pre,0,15.26
61,South,Small,5,Pre,0,13.74
61,South,Small,6,Pre,0,16.11
61,South,Small,7,Pre,0,13.13
61,South,Small,8,Pre,0,16.9
61,South,Small,9,Post,1,15.0
61,South,Small,10,Post,1,15.79
61,South,Small,11,Post,1,16.89
61,South,Small,12,Post,1,17.46
61,South,Small,13,Post,1,18.63
61,South,Small,14,Post,1,18.74
61,South,Small,15,Post,1,17.86
61,South,Small,16,Post,1,18.17
62,North,Small,1,Pre,0,18.18
62,North,Small,2,Pre,0,14.74
62,North,Small,3,Pre,0,8.99
62,North,Small,4,Pre,0,17.45
62,North,Small,5,Pre,0,13.58
62,North,Small,6,Pre,0,14.82
62,North,Small,7,Pre,0,16.01
62,North,Small,8,Pre,0,15.61
62,North,Small,9,Post,1,16.51
62,North,Small,10,Post,1,16.77
62,North,Small,11,Post,1,19.49
62,North,Small,12,Post,1,18.79
62,North,Small,13,Post,1,18.5
62,North,Small,14,Post,1,22.46
62,North,Small,15,Post,1,15.63
62,North,Small,16,Post,1,16.0
63,West,Large,1,Pre,0,39.87
63,West,Large,2,Pre,0,41.45
63,West,Large,3,Pre,0,41.41
63,West,Large,4,Pre,0,47.06
63,West,Large,5,Pre,0,49.19
63,West,Large,6,Pre,0,44.11
63,West,Large,7,Pre,0,43.93
63,West,Large,8,Pre,0,44.6
63,West,Large,9,Post,1,47.7
63,West,Large,10,Post,1,51.92
63,West,Large,11,Post,1,50.03
63,West,Large,12,Post,1,42.53
63,West,Large,13,Post,1,47.88
63,West,Large,14,Post,1,48.13
63,West,Large,15,Post,1,50.16
63,West,Large,16,Post,1,54.56
64,South,Large,1,Pre,0,50.54
64,South,Large,2,Pre,0,48.02
64,South,Large,3,Pre,0,46.16
64,South,Large,4,Pre,0,41.46
64,South,Large,5,Pre,0,45.26
64,South,Large,6,Pre,0,43.58
64,South,Large,7,Pre,0,52.02
64,South,Large,8,Pre,0,45.45
64,South,Large,9,Post,1,52.14
64,South,Large,10,Post,1,55.24
64,South,Large,11,Post,1,50.24
64,South,Large,12,Post,1,45.86
64,South,Large,13,Post,1,49.61
64,South,Large,14,Post,1,47.99
64,South,Large,15,Post,1,48.52
64,South,Large,16,Post,1,50.77
65,South,Small,1,Pre,0,14.17
65,South,Small,2,Pre,0,17.38
65,South,Small,3,Pre,0,16.14
65,South,Small,4,Pre,0,19.14
65,South,Small,5,Pre,0,22.0
65,South,Small,6,Pre,0,13.0
65,South,Small,7,Pre,0,18.57
65,South,Small,8,Pre,0,17.8
65,South,Small,9,Post,1,21.45
65,South,Small,10,Post,1,18.25
65,South,Small,11,Post,1,22.1
65,South,Small,12,Post,1,25.4
65,South,Small,13,Post,1,17.99
65,South,Small,14,Post,1,13.18
65,South,Small,15,Post,1,18.89
65,South,Small,16,Post,1,16.23
66,East,Medium,1,Pre,0,29.33
66,East,Medium,2,Pre,0,31.1
66,East,Medium,3,Pre,0,35.2
66,East,Medium,4,Pre,0,33.2
66,East,Medium,5,Pre,0,29.93
66,East,Medium,6,Pre,0,28.19
66,East,Medium,7,Pre,0,24.66
66,East,Medium,8,Pre,0,28.67
66,East,Medium,9,Post,1,30.87
66,East,Medium,10,Post,1,33.94
66,East,Medium,11,Post,1,31.8
66,East,Medium,12,Post,1,35.32
66,East,Medium,13,Post,1,36.53
66,East,Medium,14,Post,1,33.82
66,East,Medium,15,Post,1,35.39
66,East,Medium,16,Post,1,35.83
67,North,Large,1,Pre,0,41.17
67,North,Large,2,Pre,0,36.96
67,North,Large,3,Pre,0,40.47
67,North,Large,4,Pre,0,40.07
67,North,Large,5,Pre,0,39.58
67,North,Large,6,Pre,0,39.8
67,North,Large,7,Pre,0,34.89
67,North,Large,8,Pre,0,38.63
67,North,Large,9,Post,1,45.22
67,North,Large,10,Post,1,46.97
67,North,Large,11,Post,1,46.34
67,North,Large,12,Post,1,43.37
67,North,Large,13,Post,1,43.45
67,North,Large,14,Post,1,48.57
67,North,Large,15,Post,1,47.76
67,North,Large,16,Post,1,45.17
68,West,Medium,1,Pre,0,28.4
68,West,Medium,2,Pre,0,31.05
68,West,Medium,3,Pre,0,31.0
68,West,Medium,4,Pre,0,23.89
68,West,Medium,5,Pre,0,32.43
68,West,Medium,6,Pre,0,24.13
68,West,Medium,7,Pre,0,31.67
68,West,Medium,8,Pre,0,31.94
68,West,Medium,9,Post,1,29.52
68,West,Medium,10,Post,1,30.05
68,West,Medium,11,Post,1,33.79
68,West,Medium,12,Post,1,37.46
68,West,Medium,13,Post,1,30.72
68,West,Medium,14,Post,1,27.7
68,West,Medium,15,Post,1,37.66
68,West,Medium,16,Post,1,28.84
69,North,Medium,1,Pre,0,28.71
69,North,Medium,2,Pre,0,25.65
69,North,Medium,3,Pre,0,29.11
69,North,Medium,4,Pre,0,26.59
69,North,Medium,5,Pre,0,27.88
69,North,Medium,6,Pre,0,29.45
69,North,Medium,7,Pre,0,27.94
69,North,Medium,8,Pre,0,26.7
69,North,Medium,9,Post,1,30.74
69,North,Medium,10,Post,1,29.95
69,North,Medium,11,Post,1,34.61
69,North,Medium,12,Post,1,32.72
69,North,Medium,13,Post,1,34.0
69,North,Medium,14,Post,1,31.26
69,North,Medium,15,Post,1,27.26
69,North,Medium,16,Post,1,26.43
70,West,Small,1,Pre,0,23.28
70,West,Small,2,Pre,0,24.68
70,West,Small,3,Pre,0,20.22
70,West,Small,4,Pre,0,19.83
70,West,Small,5,Pre,0,13.39
70,West,Small,6,Pre,0,16.91
70,West,Small,7,Pre,0,16.22
70,West,Small,8,Pre,0,16.69
70,West,Small,9,Post,1,18.71
70,West,Small,10,Post,1,19.95
70,West,Small,11,Post,1,19.61
70,West,Small,12,Post,1,20.14
70,West,Small,13,Post,1,16.39
70,West,Small,14,Post,1,27.03
70,West,Small,15,Post,1,20.14
70,West,Small,16,Post,1,19.37
71,East,Small,1,Pre,0,21.72
71,East,Small,2,Pre,0,26.64
71,East,Small,3,Pre,0,27.24
71,East,Small,4,Pre,0,28.97
71,East,Small,5,Pre,0,26.21
71,East,Small,6,Pre,0,26.8
71,East,Small,7,Pre,0,24.84
71,East,Small,8,Pre,0,26.69
71,East,Small,9,Post,1,29.06
71,East,Small,10,Post,1,28.35
71,East,Small,11,Post,1,30.85
71,East,Small,12,Post,1,22.71
71,East,Small,13,Post,1,26.71
71,East,Small,14,Post,1,25.28
71,East,Small,15,Post,1,23.4
71,East,Small,16,Post,1,34.46
72,North,Large,1,Pre,0,42.52
72,North,Large,2,Pre,0,43.47
72,North,Large,3,Pre,0,44.13
72,North,Large,4,Pre,0,44.48
72,North,Large,5,Pre,0,44.23
72,North,Large,6,Pre,0,42.92
72,North,Large,7,Pre,0,42.12
72,North,Large,8,Pre,0,42.25
72,North,Large,9,Post,1,50.11
72,North,Large,10,Post,1,39.65
72,North,Large,11,Post,1,48.5
72,North,Large,12,Post,1,46.06
72,North,Large,13,Post,1,51.17
72,North,Large,14,Post,1,47.38
72,North,Large,15,Post,1,42.14
72,North,Large,16,Post,1,48.83
73,North,Large,1,Pre,0,46.3
73,North,Large,2,Pre,0,46.89
73,North,Large,3,Pre,0,46.3
73,North,Large,4,Pre,0,43.06
73,North,Large,5,Pre,0,46.07
73,North,Large,6,Pre,0,47.1
73,North,Large,7,Pre,0,46.97
73,North,Large,8,Pre,0,48.19
73,North,Large,9,Post,1,51.19
73,North,Large,10,Post,1,50.57
73,North,Large,11,Post,1,47.84
73,North,Large,12,Post,1,46.57
73,North,Large,13,Post,1,46.97
73,North,Large,14,Post,1,43.69
73,North,Large,15,Post,1,49.62
73,North,Large,16,Post,1,50.22
74,West,Medium,1,Pre,0,26.31
74,West,Medium,2,Pre,0,28.68
74,West,Medium,3,Pre,0,28.66
74,West,Medium,4,Pre,0,28.18
74,West,Medium,5,Pre,0,33.14
74,West,Medium,6,Pre,0,30.27
74,West,Medium,7,Pre,0,30.07
74,West,Medium,8,Pre,0,25.2
74,West,Medium,9,Post,1,31.31
74,West,Medium,10,Post,1,34.86
74,West,Medium,11,Post,1,31.98
74,West,Medium,12,Post,1,30.9
74,West,Medium,13,Post,1,39.64
74,West,Medium,14,Post,1,32.89
74,West,Medium,15,Post,1,32.26
74,West,Medium,16,Post,1,36.0
75,East,Small,1,Pre,0,28.91
75,East,Small,2,Pre,0,22.28
75,East,Small,3,Pre,0,19.76
75,East,Small,4,Pre,0,21.11
75,East,Small,5,Pre,0,16.23
75,East,Small,6,Pre,0,19.24
75,East,Small,7,Pre,0,20.03
75,East,Small,8,Pre,0,19.71
75,East,Small,9,Post,1,20.86
75,East,Small,10,Post,1,24.33
75,East,Small,11,Post,1,22.05
75,East,Small,12,Post,1,25.48
75,East,Small,13,Post,1,20.1
75,East,Small,14,Post,1,18.85
75,East,Small,15,Post,1,20.66
75,East,Small,16,Post,1,24.77
76,East,Small,1,Pre,0,20.96
76,East,Small,2,Pre,0,18.2
76,East,Small,3,Pre,0,19.67
76,East,Small,4,Pre,0,18.29
76,East,Small,5,Pre,0,19.32
76,East,Small,6,Pre,0,16.95
76,East,Small,7,Pre,0,11.75
76,East,Small,8,Pre,0,18.2
76,East,Small,9,Post,1,24.68
76,East,Small,10,Post,1,25.0
76,East,Small,11,Post,1,21.04
76,East,Small,12,Post,1,18.75
76,East,Small,13,Post,1,24.49
76,East,Small,14,Post,1,18.95
76,East,Small,15,Post,1,22.06
76,East,Small,16,Post,1,12.22
77,East,Medium,1,Pre,0,22.93
77,East,Medium,2,Pre,0,24.93
77,East,Medium,3,Pre,0,25.93
77,East,Medium,4,Pre,0,25.08
77,East,Medium,5,Pre,0,30.42
77,East,Medium,6,Pre,0,27.26
77,East,Medium,7,Pre,0,27.19
77,East,Medium,8,Pre,0,28.09
77,East,Medium,9,Post,1,31.09
77,East,Medium,10,Post,1,31.33
77,East,Medium,11,Post,1,23.91
77,East,Medium,12,Post,1,31.58
77,East,Medium,13,Post,1,26.03
77,East,Medium,14,Post,1,27.57
77,East,Medium,15,Post,1,29.0
77,East,Medium,16,Post,1,29.39
78,North,Large,1,Pre,0,42.29
78,North,Large,2,Pre,0,43.35
78,North,Large,3,Pre,0,43.92
78,North,Large,4,Pre,0,41.0
78,North,Large,5,Pre,0,45.88
78,North,Large,6,Pre,0,42.37
78,North,Large,7,Pre,0,43.17
78,North,Large,8,Pre,0,41.03
78,North,Large,9,Post,1,44.7
78,North,Large,10,Post,1,53.4
78,North,Large,11,Post,1,47.55
78,North,Large,12,Post,1,49.87
78,North,Large,13,Post,1,50.01
78,North,Large,14,Post,1,51.18
78,North,Large,15,Post,1,48.89
78,North,Large,16,Post,1,50.77
79,South,Large,1,Pre,0,39.33
79,South,Large,2,Pre,0,41.22
79,South,Large,3,Pre,0,45.28
79,South,Large,4,Pre,0,37.47
79,South,Large,5,Pre,0,36.83
79,South,Large,6,Pre,0,41.4
79,South,Large,7,Pre,0,41.08
79,South,Large,8,Pre,0,41.42
79,South,Large,9,Post,1,45.11
79,South,Large,10,Post,1,42.74
79,South,Large,11,Post,1,44.15
79,South,Large,12,Post,1,42.97
79,South,Large,13,Post,1,47.49
79,South,Large,14,Post,1,42.19
79,South,Large,15,Post,1,43.65
79,South,Large,16,Post,1,48.65
80,North,Large,1,Pre,0,40.56
80,North,Large,2,Pre,0,44.36
80,North,Large,3,Pre,0,45.07
80,North,Large,4,Pre,0,46.87
80,North,Large,5,Pre,0,48.1
80,North,Large,6,Pre,0,40.83
80,North,Large,7,Pre,0,41.4
80,North,Large,8,Pre,0,40.15
80,North,Large,9,Post,1,49.2
80,North,Large,10,Post,1,49.15
80,North,Large,11,Post,1,48.21
80,North,Large,12,Post,1,53.02
80,North,Large,13,Post,1,46.76
80,North,Large,14,Post,1,50.62
80,North,Large,15,Post,1,46.94
80,North,Large,16,Post,1,51.8
81,West,Medium,1,Pre,0,25.66
81,West,Medium,2,Pre,0,17.38
81,West,Medium,3,Pre,0,20.62
81,West,Medium,4,Pre,0,20.16
81,West,Medium,5,Pre,0,23.01
81,West,Medium,6,Pre,0,16.89
81,West,Medium,7,Pre,0,22.66
81,West,Medium,8,Pre,0,27.03
81,West,Medium,9,Post,1,23.46
81,West,Medium,10,Post,1,24.96
81,West,Medium,11,Post,1,22.79
81,West,Medium,12,Post,1,30.2
81,West,Medium,13,Post,1,26.35
81,West,Medium,14,Post,1,20.33
81,West,Medium,15,Post,1,29.29
81,West,Medium,16,Post,1,24.11
82,East,Small,1,Pre,0,14.5
82,East,Small,2,Pre,0,19.69
82,East,Small,3,Pre,0,20.47
82,East,Small,4,Pre,0,16.73
82,East,Small,5,Pre,0,16.68
82,East,Small,6,Pre,0,18.74
82,East,Small,7,Pre,0,16.78
82,East,Small,8,Pre,0,17.81
82,East,Small,9,Post,1,21.63
82,East,Small,10,Post,1,17.55
82,East,Small,11,Post,1,20.18
82,East,Small,12,Post,1,22.72
82,East,Small,13,Post,1,19.82
82,East,Small,14,Post,1,20.38
82,East,Small,15,Post,1,21.19
82,East,Small,16,Post,1,19.93
83,South,Small,1,Pre,0,16.41
83,South,Small,2,Pre,0,14.41
83,South,Small,3,Pre,0,11.7
83,South,Small,4,Pre,0,13.23
83,South,Small,5,Pre,0,16.29
83,South,Small,6,Pre,0,14.66
83,South,Small,7,Pre,0,16.0
83,South,Small,8,Pre,0,19.9
83,South,Small,9,Post,1,18.82
83,South,Small,10,Post,1,13.78
83,South,Small,11,Post,1,14.04
83,South,Small,12,Post,1,16.92
83,South,Small,13,Post,1,13.92
83,South,Small,14,Post,1,12.65
83,South,Small,15,Post,1,19.09
83,South,Small,16,Post,1,8.37
84,North,Large,1,Pre,0,43.82
84,North,Large,2,Pre,0,43.73
84,North,Large,3,Pre,0,46.06
84,North,Large,4,Pre,0,39.6
84,North,Large,5,Pre,0,44.5
84,North,Large,6,Pre,0,45.94
84,North,Large,7,Pre,0,37.62
84,North,Large,8,Pre,0,43.49
84,North,Large,9,Post,1,46.26
84,North,Large,10,Post,1,46.15
84,North,Large,11,Post,1,46.38
84,North,Large,12,Post,1,42.75
84,North,Large,13,Post,1,44.7
84,North,Large,14,Post,1,49.19
84,North,Large,15,Post,1,43.13
84,North,Large,16,Post,1,45.78
85,South,Medium,1,Pre,0,27.9
85,South,Medium,2,Pre,0,28.8
85,South,Medium,3,Pre,0,25.9
85,South,Medium,4,Pre,0,24.93
85,South,Medium,5,Pre,0,30.59
85,South,Medium,6,Pre,0,31.48
85,South,Medium,7,Pre,0,29.35
85,South,Medium,8,Pre,0,26.85
85,South,Medium,9,Post,1,26.51
85,South,Medium,10,Post,1,31.61
85,South,Medium,11,Post,1,33.31
85,South,Medium,12,Post,1,30.95
85,South,Medium,13,Post,1,27.53
85,South,Medium,14,Post,1,35.69
85,South,Medium,15,Post,1,35.24
85,South,Medium,16,Post,1,31.08
86,South,Small,1,Pre,0,19.77
86,South,Small,2,Pre,0,25.69
86,South,Small,3,Pre,0,21.31
86,South,Small,4,Pre,0,22.06
86,South,Small,5,Pre,0,22.53
86,South,Small,6,Pre,0,21.84
86,South,Small,7,Pre,0,23.01
86,South,Small,8,Pre,0,18.93
86,South,Small,9,Post,1,18.71
86,South,Small,10,Post,1,25.17
86,South,Small,11,Post,1,27.7
86,South,Small,12,Post,1,24.33
86,South,Small,13,Post,1,20.07
86,South,Small,14,Post,1,25.68
86,South,Small,15,Post,1,21.91
86,South,Small,16,Post,1,19.64
87,East,Small,1,Pre,0,22.28
87,East,Small,2,Pre,0,22.07
87,East,Small,3,Pre,0,20.81
87,East,Small,4,Pre,0,20.69
87,East,Small,5,Pre,0,18.82
87,East,Small,6,Pre,0,22.63
87,East,Small,7,Pre,0,21.85
87,East,Small,8,Pre,0,22.05
87,East,Small,9,Post,1,15.81
87,East,Small,10,Post,1,22.45
87,East,Small,11,Post,1,23.38
87,East,Small,12,Post,1,24.97
87,East,Small,13,Post,1,25.13
87,East,Small,14,Post,1,24.23
87,East,Small,15,Post,1,21.75
87,East,Small,16,Post,1,17.67
88,East,Medium,1,Pre,0,26.34
88,East,Medium,2,Pre,0,25.44
88,East,Medium,3,Pre,0,24.96
88,East,Medium,4,Pre,0,32.34
88,East,Medium,5,Pre,0,27.46
88,East,Medium,6,Pre,0,33.52
88,East,Medium,7,Pre,0,27.73
88,East,Medium,8,Pre,0,24.45
88,East,Medium,9,Post,1,34.55
88,East,Medium,10,Post,1,30.7
88,East,Medium,11,Post,1,34.02
88,East,Medium,12,Post,1,37.82
88,East,Medium,13,Post,1,28.28
88,East,Medium,14,Post,1,32.66
88,East,Medium,15,Post,1,28.59
88,East,Medium,16,Post,1,32.7
89,West,Small,1,Pre,0,15.97
89,West,Small,2,Pre,0,17.45
89,West,Small,3,Pre,0,15.51
89,West,Small,4,Pre,0,20.59
89,West,Small,5,Pre,0,21.0
89,West,Small,6,Pre,0,12.93
89,West,Small,7,Pre,0,15.5
89,West,Small,8,Pre,0,13.91
89,West,Small,9,Post,1,18.88
89,West,Small,10,Post,1,15.58
89,West,Small,11,Post,1,19.27
89,West,Small,12,Post,1,17.96
89,West,Small,13,Post,1,18.58
89,West,Small,14,Post,1,24.26
89,West,Small,15,Post,1,17.87
89,West,Small,16,Post,1,23.17
90,South,Small,1,Pre,0,16.85
90,South,Small,2,Pre,0,18.86
90,South,Small,3,Pre,0,11.41
90,South,Small,4,Pre,0,11.99
90,South,Small,5,Pre,0,17.4
90,South,Small,6,Pre,0,15.32
90,South,Small,7,Pre,0,16.1
90,South,Small,8,Pre,0,15.51
90,South,Small,9,Post,1,13.11
90,South,Small,10,Post,1,20.89
90,South,Small,11,Post,1,15.96
90,South,Small,12,Post,1,15.96
90,South,Small,13,Post,1,16.87
90,South,Small,14,Post,1,16.77
90,South,Small,15,Post,1,14.18
90,South,Small,16,Post,1,15.84
91,North,Medium,1,Pre,0,27.64
91,North,Medium,2,Pre,0,28.31
91,North,Medium,3,Pre,0,30.99
91,North,Medium,4,Pre,0,27.45
91,North,Medium,5,Pre,0,24.18
91,North,Medium,6,Pre,0,33.57
91,North,Medium,7,Pre,0,32.54
91,North,Medium,8,Pre,0,25.06
91,North,Medium,9,Post,1,31.3
91,North,Medium,10,Post,1,33.02
91,North,Medium,11,Post,1,29.4
91,North,Medium,12,Post,1,28.48
91,North,Medium,13,Post,1,30.69
91,North,Medium,14,Post,1,32.93
91,North,Medium,15,Post,1,32.04
91,North,Medium,16,Post,1,33.56
92,East,Medium,1,Pre,0,29.63
92,East,Medium,2,Pre,0,31.5
92,East,Medium,3,Pre,0,30.77
92,East,Medium,4,Pre,0,25.95
92,East,Medium,5,Pre,0,31.85
92,East,Medium,6,Pre,0,31.9
92,East,Medium,7,Pre,0,27.28
92,East,Medium,8,Pre,0,29.52
92,East,Medium,9,Post,1,32.85
92,East,Medium,10,Post,1,40.52
92,East,Medium,11,Post,1,27.81
92,East,Medium,12,Post,1,35.0
92,East,Medium,13,Post,1,36.41
92,East,Medium,14,Post,1,32.95
92,East,Medium,15,Post,1,36.7
92,East,Medium,16,Post,1,32.86
93,East,Medium,1,Pre,0,28.76
93,East,Medium,2,Pre,0,25.27
93,East,Medium,3,Pre,0,26.22
93,East,Medium,4,Pre,0,26.42
93,East,Medium,5,Pre,0,20.98
93,East,Medium,6,Pre,0,26.31
93,East,Medium,7,Pre,0,24.42
93,East,Medium,8,Pre,0,24.97
93,East,Medium,9,Post,1,27.77
93,East,Medium,10,Post,1,29.75
93,East,Medium,11,Post,1,31.43
93,East,Medium,12,Post,1,31.56
93,East,Medium,13,Post,1,29.79
93,East,Medium,14,Post,1,25.78
93,East,Medium,15,Post,1,36.82
93,East,Medium,16,Post,1,27.26
94,East,Small,1,Pre,0,15.38
94,East,Small,2,Pre,0,15.56
94,East,Small,3,Pre,0,15.57
94,East,Small,4,Pre,0,13.32
94,East,Small,5,Pre,0,13.68
94,East,Small,6,Pre,0,14.95
94,East,Small,7,Pre,0,14.27
94,East,Small,8,Pre,0,7.82
94,East,Small,9,Post,1,13.17
94,East,Small,10,Post,1,24.4
94,East,Small,11,Post,1,15.4
94,East,Small,12,Post,1,18.29
94,East,Small,13,Post,1,18.04
94,East,Small,14,Post,1,15.13
94,East,Small,15,Post,1,13.81
94,East,Small,16,Post,1,13.93
95,East,Medium,1,Pre,0,25.92
95,East,Medium,2,Pre,0,29.48
95,East,Medium,3,Pre,0,29.32
95,East,Medium,4,Pre,0,23.26
95,East,Medium,5,Pre,0,26.9
95,East,Medium,6,Pre,0,24.76
95,East,Medium,7,Pre,0,23.22
95,East,Medium,8,Pre,0,26.14
95,East,Medium,9,Post,1,36.37
95,East,Medium,10,Post,1,26.61
95,East,Medium,11,Post,1,32.13
95,East,Medium,12,Post,1,28.01
95,East,Medium,13,Post,1,32.93
95,East,Medium,14,Post,1,27.98
95,East,Medium,15,Post,1,23.21
95,East,Medium,16,Post,1,30.87
96,South,Small,1,Pre,0,17.93
96,South,Small,2,Pre,0,21.01
96,South,Small,3,Pre,0,18.18
96,South,Small,4,Pre,0,21.49
96,South,Small,5,Pre,0,18.27
96,South,Small,6,Pre,0,19.63
96,South,Small,7,Pre,0,17.98
96,South,Small,8,Pre,0,22.6
96,South,Small,9,Post,1,22.95
96,South,Small,10,Post,1,18.56
96,South,Small,11,Post,1,22.07
96,South,Small,12,Post,1,22.6
96,South,Small,13,Post,1,27.12
96,South,Small,14,Post,1,27.83
96,South,Small,15,Post,1,24.11
96,South,Small,16,Post,1,25.94
97,South,Small,1,Pre,0,19.54
97,South,Small,2,Pre,0,17.6
97,South,Small,3,Pre,0,20.72
97,South,Small,4,Pre,0,19.05
97,South,Small,5,Pre,0,21.11
97,South,Small,6,Pre,0,24.75
97,South,Small,7,Pre,0,20.01
97,South,Small,8,Pre,0,21.17
97,South,Small,9,Post,1,25.53
97,South,Small,10,Post,1,18.69
97,South,Small,11,Post,1,26.7
97,South,Small,12,Post,1,17.24
97,South,Small,13,Post,1,22.05
97,South,Small,14,Post,1,19.91
97,South,Small,15,Post,1,21.17
97,South,Small,16,Post,1,22.95
98,South,Medium,1,Pre,0,33.65
98,South,Medium,2,Pre,0,28.64
98,South,Medium,3,Pre,0,31.26
98,South,Medium,4,Pre,0,31.81
98,South,Medium,5,Pre,0,33.5
98,South,Medium,6,Pre,0,33.7
98,South,Medium,7,Pre,0,29.77
98,South,Medium,8,Pre,0,32.05
98,South,Medium,9,Post,1,39.65
98,South,Medium,10,Post,1,38.08
98,South,Medium,11,Post,1,39.07
98,South,Medium,12,Post,1,33.11
98,South,Medium,13,Post,1,38.66
98,South,Medium,14,Post,1,33.15
98,South,Medium,15,Post,1,36.68
98,South,Medium,16,Post,1,36.13
99,North,Medium,1,Pre,0,36.1
99,North,Medium,2,Pre,0,33.63
99,North,Medium,3,Pre,0,35.74
99,North,Medium,4,Pre,0,30.21
99,North,Medium,5,Pre,0,34.21
99,North,Medium,6,Pre,0,38.17
99,North,Medium,7,Pre,0,32.49
99,North,Medium,8,Pre,0,30.73
99,North,Medium,9,Post,1,32.47
99,North,Medium,10,Post,1,34.32
99,North,Medium,11,Post,1,34.66
99,North,Medium,12,Post,1,34.84
99,North,Medium,13,Post,1,39.55
99,North,Medium,14,Post,1,35.69
99,North,Medium,15,Post,1,34.27
99,North,Medium,16,Post,1,37.85
100,North,Large,1,Pre,0,40.37
100,North,Large,2,Pre,0,41.15
100,North,Large,3,Pre,0,45.33
100,North,Large,4,Pre,0,41.0
100,North,Large,5,Pre,0,44.96
100,North,Large,6,Pre,0,39.83
100,North,Large,7,Pre,0,46.03
100,North,Large,8,Pre,0,40.21
100,North,Large,9,Post,1,50.57
100,North,Large,10,Post,1,48.95
100,North,Large,11,Post,1,46.96
100,North,Large,12,Post,1,41.45
100,North,Large,13,Post,1,44.2
100,North,Large,14,Post,1,47.54
100,North,Large,15,Post,1,48.13
100,North,Large,16,Post,1,49.81
101,North,Medium,1,Pre,0,29.89
101,North,Medium,2,Pre,0,30.32
101,North,Medium,3,Pre,0,24.71
101,North,Medium,4,Pre,0,31.12
101,North,Medium,5,Pre,0,30.72
101,North,Medium,6,Pre,0,26.16
101,North,Medium,7,Pre,0,28.32
101,North,Medium,8,Pre,0,28.9
101,North,Medium,9,Post,1,32.98
101,North,Medium,10,Post,1,36.95
101,North,Medium,11,Post,1,32.37
101,North,Medium,12,Post,1,34.88
101,North,Medium,13,Post,1,39.15
101,North,Medium,14,Post,1,34.13
101,North,Medium,15,Post,1,33.86
101,North,Medium,16,Post,1,31.25
102,East,Medium,1,Pre,0,30.4
102,East,Medium,2,Pre,0,36.98
102,East,Medium,3,Pre,0,34.09
102,East,Medium,4,Pre,0,28.77
102,East,Medium,5,Pre,0,33.72
102,East,Medium,6,Pre,0,26.81
102,East,Medium,7,Pre,0,34.44
102,East,Medium,8,Pre,0,35.17
102,East,Medium,9,Post,1,35.53
102,East,Medium,10,Post,1,36.82
102,East,Medium,11,Post,1,38.77
102,East,Medium,12,Post,1,38.26
102,East,Medium,13,Post,1,40.86
102,East,Medium,14,Post,1,33.64
102,East,Medium,15,Post,1,42.09
102,East,Medium,16,Post,1,34.1
103,South,Small,1,Pre,0,22.47
103,South,Small,2,Pre,0,23.02
103,South,Small,3,Pre,0,24.92
103,South,Small,4,Pre,0,28.31
103,South,Small,5,Pre,0,26.35
103,South,Small,6,Pre,0,25.12
103,South,Small,7,Pre,0,25.26
103,South,Small,8,Pre,0,24.08
103,South,Small,9,Post,1,19.35
103,South,Small,10,Post,1,26.08
103,South,Small,11,Post,1,25.46
103,South,Small,12,Post,1,30.43
103,South,Small,13,Post,1,26.34
103,South,Small,14,Post,1,25.37
103,South,Small,15,Post,1,25.77
103,South,Small,16,Post,1,21.69
104,South,Medium,1,Pre,0,31.63
104,South,Medium,2,Pre,0,27.62
104,South,Medium,3,Pre,0,32.38
104,South,Medium,4,Pre,0,28.1
104,South,Medium,5,Pre,0,30.58
104,South,Medium,6,Pre,0,32.17
104,South,Medium,7,Pre,0,29.77
104,South,Medium,8,Pre,0,31.14
104,South,Medium,9,Post,1,31.9
104,South,Medium,10,Post,1,30.73
104,South,Medium,11,Post,1,28.52
104,South,Medium,12,Post,1,31.68
104,South,Medium,13,Post,1,32.08
104,South,Medium,14,Post,1,34.34
104,South,Medium,15,Post,1,32.3
104,South,Medium,16,Post,1,28.71
105,West,Small,1,Pre,0,15.55
105,West,Small,2,Pre,0,14.38
105,West,Small,3,Pre,0,12.91
105,West,Small,4,Pre,0,15.26
105,West,Small,5,Pre,0,17.05
105,West,Small,6,Pre,0,18.2
105,West,Small,7,Pre,0,14.98
105,West,Small,8,Pre,0,15.38
105,West,Small,9,Post,1,17.14
105,West,Small,10,Post,1,18.93
105,West,Small,11,Post,1,15.19
105,West,Small,12,Post,1,19.21
105,West,Small,13,Post,1,22.55
105,West,Small,14,Post,1,16.87
105,West,Small,15,Post,1,15.98
105,West,Small,16,Post,1,19.9
106,North,Small,1,Pre,0,16.02
106,North,Small,2,Pre,0,14.57
106,North,Small,3,Pre,0,21.22
106,North,Small,4,Pre,0,15.45
106,North,Small,5,Pre,0,21.48
106,North,Small,6,Pre,0,18.63
106,North,Small,7,Pre,0,17.7
106,North,Small,8,Pre,0,17.38
106,North,Small,9,Post,1,13.23
106,North,Small,10,Post,1,20.18
106,North,Small,11,Post,1,14.16
106,North,Small,12,Post,1,22.86
106,North,Small,13,Post,1,19.47
106,North,Small,14,Post,1,18.27
106,North,Small,15,Post,1,13.52
106,North,Small,16,Post,1,19.26
107,South,Large,1,Pre,0,40.43
107,South,Large,2,Pre,0,46.6
107,South,Large,3,Pre,0,45.82
107,South,Large,4,Pre,0,47.48
107,South,Large,5,Pre,0,40.82
107,South,Large,6,Pre,0,42.1
107,South,Large,7,Pre,0,37.02
107,South,Large,8,Pre,0,45.41
107,South,Large,9,Post,1,44.98
107,South,Large,10,Post,1,42.8
107,South,Large,11,Post,1,43.06
107,South,Large,12,Post,1,43.59
107,South,Large,13,Post,1,43.68
107,South,Large,14,Post,1,49.44
107,South,Large,15,Post,1,43.14
107,South,Large,16,Post,1,48.8
108,East,Medium,1,Pre,0,27.09
108,East,Medium,2,Pre,0,29.94
108,East,Medium,3,Pre,0,25.5
108,East,Medium,4,Pre,0,30.49
108,East,Medium,5,Pre,0,29.73
108,East,Medium,6,Pre,0,27.72
108,East,Medium,7,Pre,0,26.23
108,East,Medium,8,Pre,0,26.1
108,East,Medium,9,Post,1,35.87
108,East,Medium,10,Post,1,32.3
108,East,Medium,11,Post,1,27.64
108,East,Medium,12,Post,1,29.2
108,East,Medium,13,Post,1,28.79
108,East,Medium,14,Post,1,31.61
108,East,Medium,15,Post,1,23.16
108,East,Medium,16,Post,1,32.34
109,North,Large,1,Pre,0,32.36
109,North,Large,2,Pre,0,32.28
109,North,Large,3,Pre,0,37.64
109,North,Large,4,Pre,0,32.68
109,North,Large,5,Pre,0,34.83
109,North,Large,6,Pre,0,34.15
109,North,Large,7,Pre,0,27.79
109,North,Large,8,Pre,0,35.91
109,North,Large,9,Post,1,39.94
109,North,Large,10,Post,1,37.13
109,North,Large,11,Post,1,39.52
109,North,Large,12,Post,1,38.47
109,North,Large,13,Post,1,36.15
109,North,Large,14,Post,1,34.4
109,North,Large,15,Post,1,37.99
109,North,Large,16,Post,1,35.64
110,North,Medium,1,Pre,0,30.27
110,North,Medium,2,Pre,0,32.78
110,North,Medium,3,Pre,0,29.72
110,North,Medium,4,Pre,0,33.89
110,North,Medium,5,Pre,0,33.69
110,North,Medium,6,Pre,0,36.95
110,North,Medium,7,Pre,0,31.28
110,North,Medium,8,Pre,0,33.64
110,North,Medium,9,Post,1,38.72
110,North,Medium,10,Post,1,36.19
110,North,Medium,11,Post,1,34.56
110,North,Medium,12,Post,1,35.79
110,North,Medium,13,Post,1,35.43
110,North,Medium,14,Post,1,39.62
110,North,Medium,15,Post,1,34.74
110,North,Medium,16,Post,1,36.58
111,South,Large,1,Pre,0,48.75
111,South,Large,2,Pre,0,42.94
111,South,Large,3,Pre,0,43.99
111,South,Large,4,Pre,0,40.04
111,South,Large,5,Pre,0,43.53
111,South,Large,6,Pre,0,47.42
111,South,Large,7,Pre,0,43.32
111,South,Large,8,Pre,0,46.42
111,South,Large,9,Post,1,49.81
111,South,Large,10,Post,1,47.99
111,South,Large,11,Post,1,45.02
111,South,Large,12,Post,1,50.55
111,South,Large,13,Post,1,51.37
111,South,Large,14,Post,1,48.3
111,South,Large,15,Post,1,53.84
111,South,Large,16,Post,1,52.02
112,North,Medium,1,Pre,0,22.37
112,North,Medium,2,Pre,0,22.98
112,North,Medium,3,Pre,0,23.2
112,North,Medium,4,Pre,0,21.72
112,North,Medium,5,Pre,0,28.11
112,North,Medium,6,Pre,0,23.96
112,North,Medium,7,Pre,0,25.67
112,North,Medium,8,Pre,0,23.08
112,North,Medium,9,Post,1,26.45
112,North,Medium,10,Post,1,25.39
112,North,Medium,11,Post,1,31.8
112,North,Medium,12,Post,1,29.27
112,North,Medium,13,Post,1,27.03
112,North,Medium,14,Post,1,29.09
112,North,Medium,15,Post,1,31.76
112,North,Medium,16,Post,1,29.57
113,West,Medium,1,Pre,0,20.35
113,West,Medium,2,Pre,0,22.69
113,West,Medium,3,Pre,0,23.3
113,West,Medium,4,Pre,0,19.87
113,West,Medium,5,Pre,0,29.79
113,West,Medium,6,Pre,0,27.28
113,West,Medium,7,Pre,0,24.72
113,West,Medium,8,Pre,0,23.24
113,West,Medium,9,Post,1,23.32
113,West,Medium,10,Post,1,27.05
113,West,Medium,11,Post,1,25.68
113,West,Medium,12,Post,1,20.71
113,West,Medium,13,Post,1,24.04
113,West,Medium,14,Post,1,30.06
113,West,Medium,15,Post,1,25.99
113,West,Medium,16,Post,1,27.41
114,West,Medium,1,Pre,0,26.32
114,West,Medium,2,Pre,0,30.3
114,West,Medium,3,Pre,0,22.98
114,West,Medium,4,Pre,0,22.67
114,West,Medium,5,Pre,0,24.95
114,West,Medium,6,Pre,0,29.49
114,West,Medium,7,Pre,0,22.33
114,West,Medium,8,Pre,0,18.66
114,West,Medium,9,Post,1,30.79
114,West,Medium,10,Post,1,29.93
114,West,Medium,11,Post,1,32.52
114,West,Medium,12,Post,1,26.46
114,West,Medium,13,Post,1,31.27
114,West,Medium,14,Post,1,29.27
114,West,Medium,15,Post,1,24.96
114,West,Medium,16,Post,1,27.58
115,East,Small,1,Pre,0,19.43
115,East,Small,2,Pre,0,17.22
115,East,Small,3,Pre,0,18.65
115,East,Small,4,Pre,0,15.48
115,East,Small,5,Pre,0,17.6
115,East,Small,6,Pre,0,19.89
115,East,Small,7,Pre,0,18.62
115,East,Small,8,Pre,0,16.53
115,East,Small,9,Post,1,22.25
115,East,Small,10,Post,1,20.76
115,East,Small,11,Post,1,20.76
115,East,Small,12,Post,1,17.57
115,East,Small,13,Post,1,18.32
115,East,Small,14,Post,1,23.89
115,East,Small,15,Post,1,17.39
115,East,Small,16,Post,1,16.86
116,West,Medium,1,Pre,0,27.7
116,West,Medium,2,Pre,0,25.88
116,West,Medium,3,Pre,0,26.55
116,West,Medium,4,Pre,0,25.33
116,West,Medium,5,Pre,0,22.57
116,West,Medium,6,Pre,0,27.71
116,West,Medium,7,Pre,0,31.73
116,West,Medium,8,Pre,0,26.86
116,West,Medium,9,Post,1,32.22
116,West,Medium,10,Post,1,33.26
116,West,Medium,11,Post,1,34.82
116,West,Medium,12,Post,1,34.22
116,West,Medium,13,Post,1,32.49
116,West,Medium,14,Post,1,29.6
116,West,Medium,15,Post,1,31.85
116,West,Medium,16,Post,1,24.52
117,West,Small,1,Pre,0,18.31
117,West,Small,2,Pre,0,17.28
117,West,Small,3,Pre,0,20.86
117,West,Small,4,Pre,0,11.98
117,West,Small,5,Pre,0,17.84
117,West,Small,6,Pre,0,12.35
117,West,Small,7,Pre,0,19.57
117,West,Small,8,Pre,0,17.18
117,West,Small,9,Post,1,17.33
117,West,Small,10,Post,1,23.69
117,West,Small,11,Post,1,19.58
117,West,Small,12,Post,1,17.96
117,West,Small,13,Post,1,24.89
117,West,Small,14,Post,1,18.48
117,West,Small,15,Post,1,16.06
117,West,Small,16,Post,1,21.19
118,North,Small,1,Pre,0,9.14
118,North,Small,2,Pre,0,11.6
118,North,Small,3,Pre,0,11.55
118,North,Small,4,Pre,0,9.0
118,North,Small,5,Pre,0,13.48
118,North,Small,6,Pre,0,13.09
118,North,Small,7,Pre,0,11.85
118,North,Small,8,Pre,0,10.27
118,North,Small,9,Post,1,20.08
118,North,Small,10,Post,1,11.9
118,North,Small,11,Post,1,13.78
118,North,Small,12,Post,1,16.09
118,North,Small,13,Post,1,15.59
118,North,Small,14,Post,1,13.13
118,North,Small,15,Post,1,13.98
118,North,Small,16,Post,1,16.3
119,West,Medium,1,Pre,0,29.36
119,West,Medium,2,Pre,0,30.79
119,West,Medium,3,Pre,0,25.26
119,West,Medium,4,Pre,0,29.45
119,West,Medium,5,Pre,0,27.37
119,West,Medium,6,Pre,0,30.49
119,West,Medium,7,Pre,0,22.17
119,West,Medium,8,Pre,0,27.85
119,West,Medium,9,Post,1,31.81
119,West,Medium,10,Post,1,29.91
119,West,Medium,11,Post,1,30.16
119,West,Medium,12,Post,1,32.61
119,West,Medium,13,Post,1,22.74
119,West,Medium,14,Post,1,27.97
119,West,Medium,15,Post,1,25.9
119,West,Medium,16,Post,1,35.18
120,East,Small,1,Pre,0,17.24
120,East,Small,2,Pre,0,20.22
120,East,Small,3,Pre,0,17.65
120,East,Small,4,Pre,0,16.99
120,East,Small,5,Pre,0,15.71
120,East,Small,6,Pre,0,14.03
120,East,Small,7,Pre,0,17.85
120,East,Small,8,Pre,0,19.38
120,East,Small,9,Post,1,19.46
120,East,Small,10,Post,1,21.31
120,East,Small,11,Post,1,21.33
120,East,Small,12,Post,1,17.43
120,East,Small,13,Post,1,17.58
120,East,Small,14,Post,1,23.35
120,East,Small,15,Post,1,23.38
120,East,Small,16,Post,1,18.49
